{"cameraMode":{"drawMode":0,"name":"Shaded","section":"Shading Mode"},"sceneLighting":false,"audioPlay":false,"sceneViewState":{"m_AlwaysRefresh":false,"showFog":true,"showSkybox":false,"showFlares":true,"showImageEffects":true,"showParticleSystems":true,"showVisualEffectGraphs":true,"m_FxEnabled":true},"in2DMode":false,"pivot":{"x":-0.03024578094482422,"y":0.6741460561752319,"z":-0.016635864973068239},"rotation":{"x":-0.05851681903004646,"y":0.9352973699569702,"z":-0.29579704999923708,"w":-0.18498404324054719},"size":1.5518213510513306,"orthographic":false}