{"cameraMode":{"drawMode":0,"name":"Shaded","section":"Shading Mode"},"sceneLighting":false,"audioPlay":false,"sceneViewState":{"m_AlwaysRefresh":false,"showFog":true,"showSkybox":false,"showFlares":true,"showImageEffects":true,"showParticleSystems":true,"showVisualEffectGraphs":true,"m_FxEnabled":true},"in2DMode":false,"pivot":{"x":-1.1920928955078126e-7,"y":0.7595135569572449,"z":0.6318853497505188},"rotation":{"x":-0.14054173231124879,"y":0.6651667356491089,"z":-0.12951599061489106,"w":-0.7217857241630554},"size":2.0957934856414797,"orthographic":false}