{"cameraMode":{"drawMode":0,"name":"Shaded","section":"Shading Mode"},"sceneLighting":false,"audioPlay":false,"sceneViewState":{"m_AlwaysRefresh":false,"showFog":true,"showSkybox":false,"showFlares":true,"showImageEffects":true,"showParticleSystems":true,"showVisualEffectGraphs":true,"m_FxEnabled":true},"in2DMode":false,"pivot":{"x":-0.003374636173248291,"y":0.19773729145526887,"z":-0.000779319554567337},"rotation":{"x":-0.022719765082001687,"y":0.9744401574134827,"z":-0.1912541687488556,"w":-0.11571629345417023},"size":0.255537748336792,"orthographic":false}