{"cameraMode":{"drawMode":0,"name":"Shaded","section":"Shading Mode"},"sceneLighting":false,"audioPlay":false,"sceneViewState":{"m_AlwaysRefresh":false,"showFog":true,"showSkybox":false,"showFlares":true,"showImageEffects":true,"showParticleSystems":true,"showVisualEffectGraphs":true,"m_FxEnabled":true},"in2DMode":false,"pivot":{"x":0.021605491638183595,"y":0.5543235540390015,"z":-0.04801654815673828},"rotation":{"x":-0.21039821207523347,"y":0.4812534749507904,"z":-0.12034731358289719,"w":-0.8424965143203735},"size":1.8635646104812623,"orthographic":false}