{"cameraMode":{"drawMode":0,"name":"Shaded","section":"Shading Mode"},"sceneLighting":false,"audioPlay":false,"sceneViewState":{"m_AlwaysRefresh":false,"showFog":true,"showSkybox":false,"showFlares":true,"showImageEffects":true,"showParticleSystems":true,"showVisualEffectGraphs":true,"m_FxEnabled":true},"in2DMode":false,"pivot":{"x":0.00031763315200805664,"y":0.45196476578712466,"z":0.00691719725728035},"rotation":{"x":-0.022719765082001687,"y":0.9744401574134827,"z":-0.1912541687488556,"w":-0.11571629345417023},"size":0.8738543391227722,"orthographic":false}