{"cameraMode":{"drawMode":0,"name":"Shaded","section":"Shading Mode"},"sceneLighting":false,"audioPlay":false,"sceneViewState":{"m_AlwaysRefresh":false,"showFog":true,"showSkybox":false,"showFlares":true,"showImageEffects":true,"showParticleSystems":true,"showVisualEffectGraphs":true,"m_FxEnabled":true},"in2DMode":false,"pivot":{"x":-0.11054587364196778,"y":2.5004963874816896,"z":-0.36657512187957766},"rotation":{"x":-0.0012908552307635546,"y":0.9195564389228821,"z":-0.0030454250518232586,"w":-0.392870157957077},"size":3.2940497398376467,"orthographic":false}