{"cameraMode":{"drawMode":0,"name":"Shaded","section":"Shading Mode"},"sceneLighting":false,"audioPlay":false,"sceneViewState":{"m_AlwaysRefresh":false,"showFog":true,"showSkybox":false,"showFlares":true,"showImageEffects":true,"showParticleSystems":true,"showVisualEffectGraphs":true,"m_FxEnabled":true},"in2DMode":false,"pivot":{"x":0.2944244146347046,"y":0.5681326389312744,"z":0.15363454818725587},"rotation":{"x":-0.19591349363327027,"y":0.7269126772880554,"z":-0.23109576106071473,"w":-0.6162585020065308},"size":5.796199321746826,"orthographic":false}