{"cameraMode":{"drawMode":0,"name":"Shaded","section":"Shading Mode"},"sceneLighting":false,"audioPlay":false,"sceneViewState":{"m_AlwaysRefresh":false,"showFog":true,"showSkybox":false,"showFlares":true,"showImageEffects":true,"showParticleSystems":true,"showVisualEffectGraphs":true,"m_FxEnabled":true},"in2DMode":false,"pivot":{"x":0.0007495880126953125,"y":1.6383910179138184,"z":-0.0010166168212890626},"rotation":{"x":-0.07235901057720185,"y":0.9093546867370606,"z":-0.178482785820961,"w":-0.36870554089546206},"size":35.394508361816409,"orthographic":false}